{
  "per_question": {
    "q1": {
      "N": 4,
      "C": 4,
      "Avg@N": 1.0
    },
    "q2": {
      "N": 4,
      "C": 4,
      "Avg@N": 1.0
    },
    "q3": {
      "N": 64,
      "C": 44,
      "Avg@N": 0.6875
    }
  },
  "global": {
    "N": 72,
    "C": 52,
    "Avg@N": 0.7222222222222222
  },
  "pass@K": {
    "1": 0.7222222222222222,
    "2": 0.9256651017214398,
    "4": 0.9952905840842154,
    "8": 0.9999894753255932,
    "16": 0.9999999999988229,
    "32": 1.0,
    "64": 1.0
  }
}